"","year","state","district","state_number","observation_number","state_path","district_path","observation_path"
"1"," 1818–1819 (obsolete since statehood)","Alabama","Territory",1,1,"/state-1","/state-1/district-Territory","/state-1/district-Territory"
"2"," 1819–1823, 1841–1843, 1873–1877, 1913–1917, 1963–1965 (obsolete)","Alabama","At-large",1,2,"/state-1","/state-1/district-At-large","/state-1/district-At-large"
"3"," 1823–1841, 1843–1963, 1965–present","Alabama","1",1,3,"/state-1","/state-1/district-1","/state-1/district-1"
"4"," 1823–1841, 1843–1963, 1965–present","Alabama","2",1,4,"/state-1","/state-1/district-2","/state-1/district-2"
"5"," 1823–1841, 1843–1963, 1965–present","Alabama","3",1,5,"/state-1","/state-1/district-3","/state-1/district-3"
"6"," 1833–1841, 1843–1963, 1965–present","Alabama","4",1,6,"/state-1","/state-1/district-4","/state-1/district-4"
"7"," 1833–1841, 1843–1963, 1965–present","Alabama","5",1,7,"/state-1","/state-1/district-5","/state-1/district-5"
"8"," 1843–1963, 1965–present","Alabama","6",1,8,"/state-1","/state-1/district-6","/state-1/district-6"
"9"," 1843–1863, 1877–1963, 1965–present","Alabama","7",1,9,"/state-1","/state-1/district-7","/state-1/district-7"
"10"," 1877–1963, 1965–1973 (obsolete since the 1970 census)","Alabama","8",1,10,"/state-1","/state-1/district-8","/state-1/district-8"
"11"," 1893–1963 (obsolete since the 1960 census)","Alabama","9",1,11,"/state-1","/state-1/district-9","/state-1/district-9"
"12"," 1917–1933 (obsolete since the 1930 census)","Alabama","10",1,12,"/state-1","/state-1/district-10","/state-1/district-10"
"13"," 1906–1959 (obsolete since statehood)","Alaska","Territory",2,13,"/state-2","/state-2/district-Territory","/state-2/district-Territory"
"14"," 1959–present","Alaska","At-large",2,14,"/state-2","/state-2/district-At-large","/state-2/district-At-large"
"15"," 1863–1912 (obsolete since statehood)","Arizona","Territory",3,15,"/state-3","/state-3/district-Territory","/state-3/district-Territory"
"16"," 1912–1949 (obsolete)","Arizona","At-large",3,16,"/state-3","/state-3/district-At-large","/state-3/district-At-large"
"17"," 1949–present","Arizona","1",3,17,"/state-3","/state-3/district-1","/state-3/district-1"
"18"," 1949–present","Arizona","2",3,18,"/state-3","/state-3/district-2","/state-3/district-2"
"19"," 1963–present","Arizona","3",3,19,"/state-3","/state-3/district-3","/state-3/district-3"
"20"," 1973–present","Arizona","4",3,20,"/state-3","/state-3/district-4","/state-3/district-4"
"21"," 1983–present","Arizona","5",3,21,"/state-3","/state-3/district-5","/state-3/district-5"
"22"," 1993–present","Arizona","6",3,22,"/state-3","/state-3/district-6","/state-3/district-6"
"23"," 2003–present","Arizona","7",3,23,"/state-3","/state-3/district-7","/state-3/district-7"
"24"," 2003–present","Arizona","8",3,24,"/state-3","/state-3/district-8","/state-3/district-8"
"25"," 2013–present","Arizona","9",3,25,"/state-3","/state-3/district-9","/state-3/district-9"
"26"," 1819–1836 (obsolete since statehood)","Arkansas","Territory",4,26,"/state-4","/state-4/district-Territory","/state-4/district-Territory"
"27"," 1836–1853, 1873–1875, 1883–1885 (obsolete)","Arkansas","At-large",4,27,"/state-4","/state-4/district-At-large","/state-4/district-At-large"
"28"," 1853–present","Arkansas","1",4,28,"/state-4","/state-4/district-1","/state-4/district-1"
"29"," 1853–present","Arkansas","2",4,29,"/state-4","/state-4/district-2","/state-4/district-2"
"30"," 1863–present","Arkansas","3",4,30,"/state-4","/state-4/district-3","/state-4/district-3"
"31"," 1875–present","Arkansas","4",4,31,"/state-4","/state-4/district-4","/state-4/district-4"
"32"," 1885–1963 (obsolete since the 1960 census)","Arkansas","5",4,32,"/state-4","/state-4/district-5","/state-4/district-5"
"33"," 1893–1963 (obsolete since the 1960 census)","Arkansas","6",4,33,"/state-4","/state-4/district-6","/state-4/district-6"
"34"," 1903–1953 (obsolete since the 1950 census)","Arkansas","7",4,34,"/state-4","/state-4/district-7","/state-4/district-7"
"35"," 1849–1865, 1883–1885 (obsolete)","California","At-large",5,35,"/state-5","/state-5/district-At-large","/state-5/district-At-large"
"36"," 1865–present","California","1",5,36,"/state-5","/state-5/district-1","/state-5/district-1"
"37"," 1865–present","California","2",5,37,"/state-5","/state-5/district-2","/state-5/district-2"
"38"," 1865–present","California","3",5,38,"/state-5","/state-5/district-3","/state-5/district-3"
"39"," 1873–present","California","4",5,39,"/state-5","/state-5/district-4","/state-5/district-4"
"40"," 1885–present","California","5",5,40,"/state-5","/state-5/district-5","/state-5/district-5"
"41"," 1885–present","California","6",5,41,"/state-5","/state-5/district-6","/state-5/district-6"
"42"," 1893–present","California","7",5,42,"/state-5","/state-5/district-7","/state-5/district-7"
"43"," 1903–present","California","8",5,43,"/state-5","/state-5/district-8","/state-5/district-8"
"44"," 1913–present","California","9",5,44,"/state-5","/state-5/district-9","/state-5/district-9"
"45"," 1913–present","California","10",5,45,"/state-5","/state-5/district-10","/state-5/district-10"
"46"," 1913–present","California","11",5,46,"/state-5","/state-5/district-11","/state-5/district-11"
"47"," 1933–present","California","12",5,47,"/state-5","/state-5/district-12","/state-5/district-12"
"48"," 1933–present","California","13",5,48,"/state-5","/state-5/district-13","/state-5/district-13"
"49"," 1933–present","California","14",5,49,"/state-5","/state-5/district-14","/state-5/district-14"
"50"," 1933–present","California","15",5,50,"/state-5","/state-5/district-15","/state-5/district-15"
"51"," 1933–present","California","16",5,51,"/state-5","/state-5/district-16","/state-5/district-16"
"52"," 1933–present","California","17",5,52,"/state-5","/state-5/district-17","/state-5/district-17"
"53"," 1933–present","California","18",5,53,"/state-5","/state-5/district-18","/state-5/district-18"
"54"," 1933–present","California","19",5,54,"/state-5","/state-5/district-19","/state-5/district-19"
"55"," 1933–present","California","20",5,55,"/state-5","/state-5/district-20","/state-5/district-20"
"56"," 1943–present","California","21",5,56,"/state-5","/state-5/district-21","/state-5/district-21"
"57"," 1943–present","California","22",5,57,"/state-5","/state-5/district-22","/state-5/district-22"
"58"," 1943–present","California","23",5,58,"/state-5","/state-5/district-23","/state-5/district-23"
"59"," 1953–present","California","24",5,59,"/state-5","/state-5/district-24","/state-5/district-24"
"60"," 1953–present","California","25",5,60,"/state-5","/state-5/district-25","/state-5/district-25"
"61"," 1953–present","California","26",5,61,"/state-5","/state-5/district-26","/state-5/district-26"
"62"," 1953–present","California","27",5,62,"/state-5","/state-5/district-27","/state-5/district-27"
"63"," 1953–present","California","28",5,63,"/state-5","/state-5/district-28","/state-5/district-28"
"64"," 1953–present","California","29",5,64,"/state-5","/state-5/district-29","/state-5/district-29"
"65"," 1953–present","California","30",5,65,"/state-5","/state-5/district-30","/state-5/district-30"
"66"," 1963–present","California","31",5,66,"/state-5","/state-5/district-31","/state-5/district-31"
"67"," 1963–present","California","32",5,67,"/state-5","/state-5/district-32","/state-5/district-32"
"68"," 1963–present","California","33",5,68,"/state-5","/state-5/district-33","/state-5/district-33"
"69"," 1963–present","California","34",5,69,"/state-5","/state-5/district-34","/state-5/district-34"
"70"," 1963–present","California","35",5,70,"/state-5","/state-5/district-35","/state-5/district-35"
"71"," 1963–present","California","36",5,71,"/state-5","/state-5/district-36","/state-5/district-36"
"72"," 1963–present","California","37",5,72,"/state-5","/state-5/district-37","/state-5/district-37"
"73"," 1963–present","California","38",5,73,"/state-5","/state-5/district-38","/state-5/district-38"
"74"," 1973–present","California","39",5,74,"/state-5","/state-5/district-39","/state-5/district-39"
"75"," 1973–present","California","40",5,75,"/state-5","/state-5/district-40","/state-5/district-40"
"76"," 1973–present","California","41",5,76,"/state-5","/state-5/district-41","/state-5/district-41"
"77"," 1973–present","California","42",5,77,"/state-5","/state-5/district-42","/state-5/district-42"
"78"," 1973–present","California","43",5,78,"/state-5","/state-5/district-43","/state-5/district-43"
"79"," 1983–present","California","44",5,79,"/state-5","/state-5/district-44","/state-5/district-44"
"80"," 1983–present","California","45",5,80,"/state-5","/state-5/district-45","/state-5/district-45"
"81"," 1993–present","California","46",5,81,"/state-5","/state-5/district-46","/state-5/district-46"
"82"," 1993–present","California","47",5,82,"/state-5","/state-5/district-47","/state-5/district-47"
"83"," 1993–present","California","48",5,83,"/state-5","/state-5/district-48","/state-5/district-48"
"84"," 1993–present","California","49",5,84,"/state-5","/state-5/district-49","/state-5/district-49"
"85"," 1993–present","California","50",5,85,"/state-5","/state-5/district-50","/state-5/district-50"
"86"," 1993–present","California","51",5,86,"/state-5","/state-5/district-51","/state-5/district-51"
"87"," 1993–present","California","52",5,87,"/state-5","/state-5/district-52","/state-5/district-52"
"88"," 2003–present","California","53",5,88,"/state-5","/state-5/district-53","/state-5/district-53"
"89"," 1861–1876 (obsolete since statehood)","Colorado","Territory",6,89,"/state-6","/state-6/district-Territory","/state-6/district-Territory"
"90"," 1876–1893, 1903–1915 (obsolete)","Colorado","At-large",6,90,"/state-6","/state-6/district-At-large","/state-6/district-At-large"
"91"," 1893–present","Colorado","1",6,91,"/state-6","/state-6/district-1","/state-6/district-1"
"92"," 1893–present","Colorado","2",6,92,"/state-6","/state-6/district-2","/state-6/district-2"
"93"," 1915–present","Colorado","3",6,93,"/state-6","/state-6/district-3","/state-6/district-3"
"94"," 1915–present","Colorado","4",6,94,"/state-6","/state-6/district-4","/state-6/district-4"
"95"," 1973–present","Colorado","5",6,95,"/state-6","/state-6/district-5","/state-6/district-5"
"96"," 1983–present","Colorado","6",6,96,"/state-6","/state-6/district-6","/state-6/district-6"
"97"," 2003–present","Colorado","7",6,97,"/state-6","/state-6/district-7","/state-6/district-7"
"98"," 1789–1837, 1903–1913, 1933–1965 (obsolete)","Connecticut","At-large",7,98,"/state-7","/state-7/district-At-large","/state-7/district-At-large"
"99"," 1837–present","Connecticut","1",7,99,"/state-7","/state-7/district-1","/state-7/district-1"
"100"," 1837–present","Connecticut","2",7,100,"/state-7","/state-7/district-2","/state-7/district-2"
"101"," 1837–present","Connecticut","3",7,101,"/state-7","/state-7/district-3","/state-7/district-3"
"102"," 1837–present","Connecticut","4",7,102,"/state-7","/state-7/district-4","/state-7/district-4"
"103"," 1837–1843, 1913–present","Connecticut","5",7,103,"/state-7","/state-7/district-5","/state-7/district-5"
"104"," 1837–1843, 1965–2003 (obsolete since the 2000 census)","Connecticut","6",7,104,"/state-7","/state-7/district-6","/state-7/district-6"
"105"," 1789–present","Delaware","At-large",8,105,"/state-8","/state-8/district-At-large","/state-8/district-At-large"
"106"," 1822–1845 (obsolete since statehood)","Florida","Territory",9,106,"/state-9","/state-9/district-Territory","/state-9/district-Territory"
"107"," 1845–1875, 1913–1915, 1933–1937, 1943–1945 (obsolete)","Florida","At-large",9,107,"/state-9","/state-9/district-At-large","/state-9/district-At-large"
"108"," 1875–present","Florida","1",9,108,"/state-9","/state-9/district-1","/state-9/district-1"
"109"," 1875–present","Florida","2",9,109,"/state-9","/state-9/district-2","/state-9/district-2"
"110"," 1903–present","Florida","3",9,110,"/state-9","/state-9/district-3","/state-9/district-3"
"111"," 1915–present","Florida","4",9,111,"/state-9","/state-9/district-4","/state-9/district-4"
"112"," 1937–present","Florida","5",9,112,"/state-9","/state-9/district-5","/state-9/district-5"
"113"," 1945–present","Florida","6",9,113,"/state-9","/state-9/district-6","/state-9/district-6"
"114"," 1953–present","Florida","7",9,114,"/state-9","/state-9/district-7","/state-9/district-7"
"115"," 1953–present","Florida","8",9,115,"/state-9","/state-9/district-8","/state-9/district-8"
"116"," 1963–present","Florida","9",9,116,"/state-9","/state-9/district-9","/state-9/district-9"
"117"," 1963–present","Florida","10",9,117,"/state-9","/state-9/district-10","/state-9/district-10"
"118"," 1963–present","Florida","11",9,118,"/state-9","/state-9/district-11","/state-9/district-11"
"119"," 1963–present","Florida","12",9,119,"/state-9","/state-9/district-12","/state-9/district-12"
"120"," 1973–present","Florida","13",9,120,"/state-9","/state-9/district-13","/state-9/district-13"
"121"," 1973–present","Florida","14",9,121,"/state-9","/state-9/district-14","/state-9/district-14"
"122"," 1973–present","Florida","15",9,122,"/state-9","/state-9/district-15","/state-9/district-15"
"123"," 1983–present","Florida","16",9,123,"/state-9","/state-9/district-16","/state-9/district-16"
"124"," 1983–present","Florida","17",9,124,"/state-9","/state-9/district-17","/state-9/district-17"
"125"," 1983–present","Florida","18",9,125,"/state-9","/state-9/district-18","/state-9/district-18"
"126"," 1983–present","Florida","19",9,126,"/state-9","/state-9/district-19","/state-9/district-19"
"127"," 1993–present","Florida","20",9,127,"/state-9","/state-9/district-20","/state-9/district-20"
"128"," 1993–present","Florida","21",9,128,"/state-9","/state-9/district-21","/state-9/district-21"
"129"," 1993–present","Florida","22",9,129,"/state-9","/state-9/district-22","/state-9/district-22"
"130"," 1993–present","Florida","23",9,130,"/state-9","/state-9/district-23","/state-9/district-23"
"131"," 2003–present","Florida","24",9,131,"/state-9","/state-9/district-24","/state-9/district-24"
"132"," 2003–present","Florida","25",9,132,"/state-9","/state-9/district-25","/state-9/district-25"
"133"," 2013–present","Florida","26",9,133,"/state-9","/state-9/district-26","/state-9/district-26"
"134"," 2013–present","Florida","27",9,134,"/state-9","/state-9/district-27","/state-9/district-27"
"135"," 1793–1827, 1829–1845, 1883–1885 (obsolete)","Georgia","At-large",10,135,"/state-10","/state-10/district-At-large","/state-10/district-At-large"
"136"," 1789–1793, 1827–1829, 1845–present","Georgia","1",10,136,"/state-10","/state-10/district-1","/state-10/district-1"
"137"," 1789–1793, 1827–1829, 1845–present","Georgia","2",10,137,"/state-10","/state-10/district-2","/state-10/district-2"
"138"," 1789–1793, 1827–1829, 1845–present","Georgia","3",10,138,"/state-10","/state-10/district-3","/state-10/district-3"
"139"," 1827–1829, 1845–present","Georgia","4",10,139,"/state-10","/state-10/district-4","/state-10/district-4"
"140"," 1827–1829, 1845–present","Georgia","5",10,140,"/state-10","/state-10/district-5","/state-10/district-5"
"141"," 1827–1829, 1845–present","Georgia","6",10,141,"/state-10","/state-10/district-6","/state-10/district-6"
"142"," 1827–1829, 1845–present","Georgia","7",10,142,"/state-10","/state-10/district-7","/state-10/district-7"
"143"," 1845–1863, 1873–present","Georgia","8",10,143,"/state-10","/state-10/district-8","/state-10/district-8"
"144"," 1873–present","Georgia","9",10,144,"/state-10","/state-10/district-9","/state-10/district-9"
"145"," 1885–present","Georgia","10",10,145,"/state-10","/state-10/district-10","/state-10/district-10"
"146"," 1893–1933, 1993–present","Georgia","11",10,146,"/state-10","/state-10/district-11","/state-10/district-11"
"147"," 1913–1933, 2003–present","Georgia","12",10,147,"/state-10","/state-10/district-12","/state-10/district-12"
"148"," 2003–present","Georgia","13",10,148,"/state-10","/state-10/district-13","/state-10/district-13"
"149"," 2013–present","Georgia","14",10,149,"/state-10","/state-10/district-14","/state-10/district-14"
"150"," 1900–1959 (obsolete since statehood)","Hawaii","Territory",11,150,"/state-11","/state-11/district-Territory","/state-11/district-Territory"
"151"," 1959–1971 (obsolete)","Hawaii","At-large",11,151,"/state-11","/state-11/district-At-large","/state-11/district-At-large"
"152"," 1971–present","Hawaii","1",11,152,"/state-11","/state-11/district-1","/state-11/district-1"
"153"," 1971–present","Hawaii","2",11,153,"/state-11","/state-11/district-2","/state-11/district-2"
"154"," 1864–1890 (obsolete since statehood)","Idaho","Territory",12,154,"/state-12","/state-12/district-Territory","/state-12/district-Territory"
"155"," 1890–1919 (obsolete)","Idaho","At-large",12,155,"/state-12","/state-12/district-At-large","/state-12/district-At-large"
"156"," 1919–present","Idaho","1",12,156,"/state-12","/state-12/district-1","/state-12/district-1"
"157"," 1919–present","Idaho","2",12,157,"/state-12","/state-12/district-2","/state-12/district-2"
"158"," 1812–1818 (obsolete since statehood)","Illinois","Territory",13,158,"/state-13","/state-13/district-Territory","/state-13/district-Territory"
"159"," 1818–1833, 1863–1873, 1893–1895, 1913–1949 (obsolete)","Illinois","At-large",13,159,"/state-13","/state-13/district-At-large","/state-13/district-At-large"
"160"," 1833–present","Illinois","1",13,160,"/state-13","/state-13/district-1","/state-13/district-1"
"161"," 1833–present","Illinois","2",13,161,"/state-13","/state-13/district-2","/state-13/district-2"
"162"," 1833–present","Illinois","3",13,162,"/state-13","/state-13/district-3","/state-13/district-3"
"163"," 1843–present","Illinois","4",13,163,"/state-13","/state-13/district-4","/state-13/district-4"
"164"," 1843–present","Illinois","5",13,164,"/state-13","/state-13/district-5","/state-13/district-5"
"165"," 1843–present","Illinois","6",13,165,"/state-13","/state-13/district-6","/state-13/district-6"
"166"," 1843–present","Illinois","7",13,166,"/state-13","/state-13/district-7","/state-13/district-7"
"167"," 1853–present","Illinois","8",13,167,"/state-13","/state-13/district-8","/state-13/district-8"
"168"," 1853–present","Illinois","9",13,168,"/state-13","/state-13/district-9","/state-13/district-9"
"169"," 1863–present","Illinois","10",13,169,"/state-13","/state-13/district-10","/state-13/district-10"
"170"," 1863–present","Illinois","11",13,170,"/state-13","/state-13/district-11","/state-13/district-11"
"171"," 1863–present","Illinois","12",13,171,"/state-13","/state-13/district-12","/state-13/district-12"
"172"," 1863–present","Illinois","13",13,172,"/state-13","/state-13/district-13","/state-13/district-13"
"173"," 1873–present","Illinois","14",13,173,"/state-13","/state-13/district-14","/state-13/district-14"
"174"," 1873–present","Illinois","15",13,174,"/state-13","/state-13/district-15","/state-13/district-15"
"175"," 1873–present","Illinois","16",13,175,"/state-13","/state-13/district-16","/state-13/district-16"
"176"," 1873–present","Illinois","17",13,176,"/state-13","/state-13/district-17","/state-13/district-17"
"177"," 1873–present","Illinois","18",13,177,"/state-13","/state-13/district-18","/state-13/district-18"
"178"," 1873–2013 (obsolete since the 2010 census)","Illinois","19",13,178,"/state-13","/state-13/district-19","/state-13/district-19"
"179"," 1883–2003 (obsolete since the 2000 census)","Illinois","20",13,179,"/state-13","/state-13/district-20","/state-13/district-20"
"180"," 1895–1993 (obsolete since the 1990 census)","Illinois","21",13,180,"/state-13","/state-13/district-21","/state-13/district-21"
"181"," 1895–1993 (obsolete since the 1990 census)","Illinois","22",13,181,"/state-13","/state-13/district-22","/state-13/district-22"
"182"," 1903–1983 (obsolete since the 1980 census)","Illinois","23",13,182,"/state-13","/state-13/district-23","/state-13/district-23"
"183"," 1903–1983 (obsolete since the 1980 census)","Illinois","24",13,183,"/state-13","/state-13/district-24","/state-13/district-24"
"184"," 1903–1963 (obsolete since the 1960 census)","Illinois","25",13,184,"/state-13","/state-13/district-25","/state-13/district-25"
"185"," 1949–1953 (obsolete since the 1950 census)","Illinois","26",13,185,"/state-13","/state-13/district-26","/state-13/district-26"
"186"," 1805–1816 (obsolete since statehood)","Indiana","Territory",14,186,"/state-14","/state-14/district-Territory","/state-14/district-Territory"
"187"," 1816–1823, 1873–1875 (obsolete)","Indiana","At-large",14,187,"/state-14","/state-14/district-At-large","/state-14/district-At-large"
"188"," 1823–present","Indiana","1",14,188,"/state-14","/state-14/district-1","/state-14/district-1"
"189"," 1823–present","Indiana","2",14,189,"/state-14","/state-14/district-2","/state-14/district-2"
"190"," 1823–present","Indiana","3",14,190,"/state-14","/state-14/district-3","/state-14/district-3"
"191"," 1833–present","Indiana","4",14,191,"/state-14","/state-14/district-4","/state-14/district-4"
"192"," 1833–present","Indiana","5",14,192,"/state-14","/state-14/district-5","/state-14/district-5"
"193"," 1833–present","Indiana","6",14,193,"/state-14","/state-14/district-6","/state-14/district-6"
"194"," 1833–present","Indiana","7",14,194,"/state-14","/state-14/district-7","/state-14/district-7"
"195"," 1843–present","Indiana","8",14,195,"/state-14","/state-14/district-8","/state-14/district-8"
"196"," 1843–present","Indiana","9",14,196,"/state-14","/state-14/district-9","/state-14/district-9"
"197"," 1843–2003 (obsolete since the 2000 census)","Indiana","10",14,197,"/state-14","/state-14/district-10","/state-14/district-10"
"198"," 1853–1983 (obsolete since the 1980 census)","Indiana","11",14,198,"/state-14","/state-14/district-11","/state-14/district-11"
"199"," 1875–1943 (obsolete since the 1940 census)","Indiana","12",14,199,"/state-14","/state-14/district-12","/state-14/district-12"
"200"," 1875–1933 (obsolete since the 1930 census)","Indiana","13",14,200,"/state-14","/state-14/district-13","/state-14/district-13"
"201"," 1838–1846 (obsolete since statehood)","Iowa","Territory",15,201,"/state-15","/state-15/district-Territory","/state-15/district-Territory"
"202"," 1846–1847 (obsolete)","Iowa","At-large",15,202,"/state-15","/state-15/district-At-large","/state-15/district-At-large"
"203"," 1847–present","Iowa","1",15,203,"/state-15","/state-15/district-1","/state-15/district-1"
"204"," 1847–present","Iowa","2",15,204,"/state-15","/state-15/district-2","/state-15/district-2"
"205"," 1863–present","Iowa","3",15,205,"/state-15","/state-15/district-3","/state-15/district-3"
"206"," 1863–present","Iowa","4",15,206,"/state-15","/state-15/district-4","/state-15/district-4"
"207"," 1863–2013 (obsolete since the 2010 census)","Iowa","5",15,207,"/state-15","/state-15/district-5","/state-15/district-5"
"208"," 1863–1993 (obsolete since the 1990 census)","Iowa","6",15,208,"/state-15","/state-15/district-6","/state-15/district-6"
"209"," 1873–1973 (obsolete since the 1970 census)","Iowa","7",15,209,"/state-15","/state-15/district-7","/state-15/district-7"
"210"," 1873–1963 (obsolete since the 1960 census)","Iowa","8",15,210,"/state-15","/state-15/district-8","/state-15/district-8"
"211"," 1873–1943 (obsolete since the 1940 census)","Iowa","9",15,211,"/state-15","/state-15/district-9","/state-15/district-9"
"212"," 1883–1933 (obsolete since the 1930 census)","Iowa","10",15,212,"/state-15","/state-15/district-10","/state-15/district-10"
"213"," 1883–1933 (obsolete since the 1930 census)","Iowa","11",15,213,"/state-15","/state-15/district-11","/state-15/district-11"
"214"," 1854–1861 (obsolete since statehood)","Kansas","Territory",16,214,"/state-16","/state-16/district-Territory","/state-16/district-Territory"
"215"," 1861–1875, 1883–1885, 1893–1907 (obsolete)","Kansas","At-large",16,215,"/state-16","/state-16/district-At-large","/state-16/district-At-large"
"216"," 1875–present","Kansas","1",16,216,"/state-16","/state-16/district-1","/state-16/district-1"
"217"," 1875–present","Kansas","2",16,217,"/state-16","/state-16/district-2","/state-16/district-2"
"218"," 1875–present","Kansas","3",16,218,"/state-16","/state-16/district-3","/state-16/district-3"
"219"," 1885–present","Kansas","4",16,219,"/state-16","/state-16/district-4","/state-16/district-4"
"220"," 1885–1993 (obsolete since the 1990 census)","Kansas","5",16,220,"/state-16","/state-16/district-5","/state-16/district-5"
"221"," 1885–1963 (obsolete since the 1960 census)","Kansas","6",16,221,"/state-16","/state-16/district-6","/state-16/district-6"
"222"," 1885–1943 (obsolete since the 1940 census)","Kansas","7",16,222,"/state-16","/state-16/district-7","/state-16/district-7"
"223"," 1907–1933 (obsolete since the 1930 census)","Kansas","8",16,223,"/state-16","/state-16/district-8","/state-16/district-8"
"224"," 1933–1935 (obsolete)","Kentucky","At-large",17,224,"/state-17","/state-17/district-At-large","/state-17/district-At-large"
"225"," 1792–1933, 1935–present","Kentucky","1",17,225,"/state-17","/state-17/district-1","/state-17/district-1"
"226"," 1792–1933, 1935–present","Kentucky","2",17,226,"/state-17","/state-17/district-2","/state-17/district-2"
"227"," 1803–1933, 1935–present","Kentucky","3",17,227,"/state-17","/state-17/district-3","/state-17/district-3"
"228"," 1803–1933, 1935–present","Kentucky","4",17,228,"/state-17","/state-17/district-4","/state-17/district-4"
"229"," 1803–1933, 1935–present","Kentucky","5",17,229,"/state-17","/state-17/district-5","/state-17/district-5"
"230"," 1803–1933, 1935–present","Kentucky","6",17,230,"/state-17","/state-17/district-6","/state-17/district-6"
"231"," 1813–1933, 1935–1993 (obsolete since the 1990 census)","Kentucky","7",17,231,"/state-17","/state-17/district-7","/state-17/district-7"
"232"," 1813–1933, 1935–1963 (obsolete since the 1960 census)","Kentucky","8",17,232,"/state-17","/state-17/district-8","/state-17/district-8"
"233"," 1813–1933, 1935–1953 (obsolete since the 1950 census)","Kentucky","9",17,233,"/state-17","/state-17/district-9","/state-17/district-9"
"234"," 1813–1863, 1873–1933 (obsolete since the 1930 census)","Kentucky","10",17,234,"/state-17","/state-17/district-10","/state-17/district-10"
"235"," 1823–1843, 1883–1933 (obsolete since the 1930 census)","Kentucky","11",17,235,"/state-17","/state-17/district-11","/state-17/district-11"
"236"," 1823–1843 (obsolete since the 1840 census)","Kentucky","12",17,236,"/state-17","/state-17/district-12","/state-17/district-12"
"237"," 1833–1843 (obsolete since the 1840 census)","Kentucky","13",17,237,"/state-17","/state-17/district-13","/state-17/district-13"
"238"," 1806–1812 (obsolete since statehood)","Louisiana","Orleans Territory",18,238,"/state-18","/state-18/district-Orleans Territory","/state-18/district-Orleans Territory"
"239"," 1812–1823, 1873–1875 (obsolete)","Louisiana","At-large",18,239,"/state-18","/state-18/district-At-large","/state-18/district-At-large"
"240"," 1823–present","Louisiana","1",18,240,"/state-18","/state-18/district-1","/state-18/district-1"
"241"," 1823–present","Louisiana","2",18,241,"/state-18","/state-18/district-2","/state-18/district-2"
"242"," 1823–present","Louisiana","3",18,242,"/state-18","/state-18/district-3","/state-18/district-3"
"243"," 1843–present","Louisiana","4",18,243,"/state-18","/state-18/district-4","/state-18/district-4"
"244"," 1863–present","Louisiana","5",18,244,"/state-18","/state-18/district-5","/state-18/district-5"
"245"," 1875–present","Louisiana","6",18,245,"/state-18","/state-18/district-6","/state-18/district-6"
"246"," 1903–2013 (obsolete since the 2010 census)","Louisiana","7",18,246,"/state-18","/state-18/district-7","/state-18/district-7"
"247"," 1913–1993 (obsolete since the 1990 census)","Louisiana","8",18,247,"/state-18","/state-18/district-8","/state-18/district-8"
"248"," 1820–1821, 1883–1885 (obsolete)","Maine","At-large",19,248,"/state-19","/state-19/district-At-large","/state-19/district-At-large"
"249"," 1821–1883, 1885–present","Maine","1",19,249,"/state-19","/state-19/district-1","/state-19/district-1"
"250"," 1821–1883, 1885–present","Maine","2",19,250,"/state-19","/state-19/district-2","/state-19/district-2"
"251"," 1821–1883, 1885–1963 (obsolete since the 1960 census)","Maine","3",19,251,"/state-19","/state-19/district-3","/state-19/district-3"
"252"," 1821–1883, 1885–1933 (obsolete since the 1930 census)","Maine","4",19,252,"/state-19","/state-19/district-4","/state-19/district-4"
"253"," 1821–1883 (obsolete since the 1880 census)","Maine","5",19,253,"/state-19","/state-19/district-5","/state-19/district-5"
"254"," 1821–1863 (obsolete since the 1860 census)","Maine","6",19,254,"/state-19","/state-19/district-6","/state-19/district-6"
"255"," 1821–1853 (obsolete since the 1850 census)","Maine","7",19,255,"/state-19","/state-19/district-7","/state-19/district-7"
"256"," 1833–1843 (obsolete since the 1840 census)","Maine","8",19,256,"/state-19","/state-19/district-8","/state-19/district-8"
"257"," 1963–1967 (obsolete)","Maryland","At-large",20,257,"/state-20","/state-20/district-At-large","/state-20/district-At-large"
"258"," 1789–present","Maryland","1",20,258,"/state-20","/state-20/district-1","/state-20/district-1"
"259"," 1789–present","Maryland","2",20,259,"/state-20","/state-20/district-2","/state-20/district-2"
"260"," 1789–present","Maryland","3",20,260,"/state-20","/state-20/district-3","/state-20/district-3"
"261"," 1789–present","Maryland","4",20,261,"/state-20","/state-20/district-4","/state-20/district-4"
"262"," 1789–present","Maryland","5",20,262,"/state-20","/state-20/district-5","/state-20/district-5"
"263"," 1789–1863, 1873–present","Maryland","6",20,263,"/state-20","/state-20/district-6","/state-20/district-6"
"264"," 1793–1843, 1953–present","Maryland","7",20,264,"/state-20","/state-20/district-7","/state-20/district-7"
"265"," 1793–1835, 1967–present","Maryland","8",20,265,"/state-20","/state-20/district-8","/state-20/district-8"
"266"," 1793–1795 (obsolete)","Massachusetts","At-large",21,266,"/state-21","/state-21/district-At-large","/state-21/district-At-large"
"267"," 1789–present","Massachusetts","1",21,267,"/state-21","/state-21/district-1","/state-21/district-1"
"268"," 1789–present","Massachusetts","2",21,268,"/state-21","/state-21/district-2","/state-21/district-2"
"269"," 1789–present","Massachusetts","3",21,269,"/state-21","/state-21/district-3","/state-21/district-3"
"270"," 1789–present","Massachusetts","4",21,270,"/state-21","/state-21/district-4","/state-21/district-4"
"271"," 1789–1793, 1795–present","Massachusetts","5",21,271,"/state-21","/state-21/district-5","/state-21/district-5"
"272"," 1789–1793, 1795–present","Massachusetts","6",21,272,"/state-21","/state-21/district-6","/state-21/district-6"
"273"," 1789–1793, 1795–present","Massachusetts","7",21,273,"/state-21","/state-21/district-7","/state-21/district-7"
"274"," 1789–1793, 1795–present","Massachusetts","8",21,274,"/state-21","/state-21/district-8","/state-21/district-8"
"275"," 1795–present","Massachusetts","9",21,275,"/state-21","/state-21/district-9","/state-21/district-9"
"276"," 1795–2013 (obsolete since the 2010 census)","Massachusetts","10",21,276,"/state-21","/state-21/district-10","/state-21/district-10"
"277"," 1795–1843, 1853–1863, 1873–1993 (obsolete since the 1990 census)","Massachusetts","11",21,277,"/state-21","/state-21/district-11","/state-21/district-11"
"278"," 1795–1843, 1883–1983 (obsolete since the 1980 census)","Massachusetts","12",21,278,"/state-21","/state-21/district-12","/state-21/district-12"
"279"," 1795–1833, 1893–1963 (obsolete since the 1960 census)","Massachusetts","13",21,279,"/state-21","/state-21/district-13","/state-21/district-13"
"280"," 1795–1820 (moved to Maine), 1903–1963 (obsolete since the 1960 census)","Massachusetts","14",21,280,"/state-21","/state-21/district-14","/state-21/district-14"
"281"," 1803–1820 (moved to Maine), 1913–1943 (obsolete since the 1940 census)","Massachusetts","15",21,281,"/state-21","/state-21/district-15","/state-21/district-15"
"282"," 1803–1820 (moved to Maine), 1913–1933 (obsolete since the 1930 census)","Massachusetts","16",21,282,"/state-21","/state-21/district-16","/state-21/district-16"
"283"," 1803–1820 (obsolete since 1820 move to Maine[8])","Massachusetts","17",21,283,"/state-21","/state-21/district-17","/state-21/district-17"
"284"," 1813–1820 (obsolete since 1820 move to Maine[8])","Massachusetts","18",21,284,"/state-21","/state-21/district-18","/state-21/district-18"
"285"," 1813–1820 (obsolete since 1820 move to Maine[8])","Massachusetts","19",21,285,"/state-21","/state-21/district-19","/state-21/district-19"
"286"," 1813–1820 (obsolete since 1820 move to Maine[8])","Massachusetts","20",21,286,"/state-21","/state-21/district-20","/state-21/district-20"
"287"," 1819–1837 (obsolete since statehood)","Michigan","Territory",22,287,"/state-22","/state-22/district-Territory","/state-22/district-Territory"
"288"," 1835–1843, 1913–1915, 1963–1965 (obsolete)","Michigan","At-large",22,288,"/state-22","/state-22/district-At-large","/state-22/district-At-large"
"289"," 1843–present","Michigan","1",22,289,"/state-22","/state-22/district-1","/state-22/district-1"
"290"," 1843–present","Michigan","2",22,290,"/state-22","/state-22/district-2","/state-22/district-2"
"291"," 1843–present","Michigan","3",22,291,"/state-22","/state-22/district-3","/state-22/district-3"
"292"," 1853–present","Michigan","4",22,292,"/state-22","/state-22/district-4","/state-22/district-4"
"293"," 1863–present","Michigan","5",22,293,"/state-22","/state-22/district-5","/state-22/district-5"
"294"," 1863–present","Michigan","6",22,294,"/state-22","/state-22/district-6","/state-22/district-6"
"295"," 1873–present","Michigan","7",22,295,"/state-22","/state-22/district-7","/state-22/district-7"
"296"," 1873–present","Michigan","8",22,296,"/state-22","/state-22/district-8","/state-22/district-8"
"297"," 1873–present","Michigan","9",22,297,"/state-22","/state-22/district-9","/state-22/district-9"
"298"," 1883–present","Michigan","10",22,298,"/state-22","/state-22/district-10","/state-22/district-10"
"299"," 1883–present","Michigan","11",22,299,"/state-22","/state-22/district-11","/state-22/district-11"
"300"," 1893–present","Michigan","12",22,300,"/state-22","/state-22/district-12","/state-22/district-12"
"301"," 1915–present","Michigan","13",22,301,"/state-22","/state-22/district-13","/state-22/district-13"
"302"," 1933–present","Michigan","14",22,302,"/state-22","/state-22/district-14","/state-22/district-14"
"303"," 1933–2013 (obsolete since the 2010 census)","Michigan","15",22,303,"/state-22","/state-22/district-15","/state-22/district-15"
"304"," 1933–2003 (obsolete since the 2000 census)","Michigan","16",22,304,"/state-22","/state-22/district-16","/state-22/district-16"
"305"," 1933–1993 (obsolete since the 1990 census)","Michigan","17",22,305,"/state-22","/state-22/district-17","/state-22/district-17"
"306"," 1953–1993 (obsolete since the 1990 census)","Michigan","18",22,306,"/state-22","/state-22/district-18","/state-22/district-18"
"307"," 1965–1983 (obsolete since the 1980 census)","Michigan","19",22,307,"/state-22","/state-22/district-19","/state-22/district-19"
"308"," 1849–1858 (obsolete since statehood)","Minnesota","Territory",23,308,"/state-23","/state-23/district-Territory","/state-23/district-Territory"
"309"," 1857–1863, 1913–1915, 1933–1935 (obsolete)","Minnesota","At-large",23,309,"/state-23","/state-23/district-At-large","/state-23/district-At-large"
"310"," 1863–1933, 1935–present","Minnesota","1",23,310,"/state-23","/state-23/district-1","/state-23/district-1"
"311"," 1863–1933, 1935–present","Minnesota","2",23,311,"/state-23","/state-23/district-2","/state-23/district-2"
"312"," 1873–1933, 1935–present","Minnesota","3",23,312,"/state-23","/state-23/district-3","/state-23/district-3"
"313"," 1883–1933, 1935–present","Minnesota","4",23,313,"/state-23","/state-23/district-4","/state-23/district-4"
"314"," 1883–1933, 1935–present","Minnesota","5",23,314,"/state-23","/state-23/district-5","/state-23/district-5"
"315"," 1893–1933, 1935–present","Minnesota","6",23,315,"/state-23","/state-23/district-6","/state-23/district-6"
"316"," 1893–1933, 1935–present","Minnesota","7",23,316,"/state-23","/state-23/district-7","/state-23/district-7"
"317"," 1903–1933, 1935–present","Minnesota","8",23,317,"/state-23","/state-23/district-8","/state-23/district-8"
"318"," 1903–1933, 1935–1963 (obsolete since the 1960 census)","Minnesota","9",23,318,"/state-23","/state-23/district-9","/state-23/district-9"
"319"," 1915–1933 (obsolete since the 1930 census)","Minnesota","10",23,319,"/state-23","/state-23/district-10","/state-23/district-10"
"320"," 1801–1817 (obsolete since statehood)","Mississippi","Territory",24,320,"/state-24","/state-24/district-Territory","/state-24/district-Territory"
"321"," 1817–1847, 1853–1855 (obsolete)","Mississippi","At-large",24,321,"/state-24","/state-24/district-At-large","/state-24/district-At-large"
"322"," 1847–present","Mississippi","1",24,322,"/state-24","/state-24/district-1","/state-24/district-1"
"323"," 1847–present","Mississippi","2",24,323,"/state-24","/state-24/district-2","/state-24/district-2"
"324"," 1847–present","Mississippi","3",24,324,"/state-24","/state-24/district-3","/state-24/district-3"
"325"," 1847–present","Mississippi","4",24,325,"/state-24","/state-24/district-4","/state-24/district-4"
"326"," 1855–2003 (obsolete since the 2000 census)","Mississippi","5",24,326,"/state-24","/state-24/district-5","/state-24/district-5"
"327"," 1873–1963 (obsolete since the 1960 census)","Mississippi","6",24,327,"/state-24","/state-24/district-6","/state-24/district-6"
"328"," 1883–1953 (obsolete since the 1950 census)","Mississippi","7",24,328,"/state-24","/state-24/district-7","/state-24/district-7"
"329"," 1903–1933 (obsolete since the 1930 census)","Mississippi","8",24,329,"/state-24","/state-24/district-8","/state-24/district-8"
"330"," 1812–1821 (obsolete since statehood)","Missouri","Territory",25,330,"/state-25","/state-25/district-Territory","/state-25/district-Territory"
"331"," 1821–1847, 1933–1935 (obsolete)","Missouri","At-large",25,331,"/state-25","/state-25/district-At-large","/state-25/district-At-large"
"332"," 1847–1933, 1935–present","Missouri","1",25,332,"/state-25","/state-25/district-1","/state-25/district-1"
"333"," 1847–1933, 1935–present","Missouri","2",25,333,"/state-25","/state-25/district-2","/state-25/district-2"
"334"," 1847–1933, 1935–present","Missouri","3",25,334,"/state-25","/state-25/district-3","/state-25/district-3"
"335"," 1847–1933, 1935–present","Missouri","4",25,335,"/state-25","/state-25/district-4","/state-25/district-4"
"336"," 1847–1933, 1935–present","Missouri","5",25,336,"/state-25","/state-25/district-5","/state-25/district-5"
"337"," 1853–1933, 1935–present","Missouri","6",25,337,"/state-25","/state-25/district-6","/state-25/district-6"
"338"," 1853–1933, 1935–present","Missouri","7",25,338,"/state-25","/state-25/district-7","/state-25/district-7"
"339"," 1863–1933, 1935–present","Missouri","8",25,339,"/state-25","/state-25/district-8","/state-25/district-8"
"340"," 1863–1933, 1935–2013 (obsolete since the 2010 census)","Missouri","9",25,340,"/state-25","/state-25/district-9","/state-25/district-9"
"341"," 1873–1933, 1935–1983 (obsolete since the 1980 census)","Missouri","10",25,341,"/state-25","/state-25/district-10","/state-25/district-10"
"342"," 1873–1933, 1935–1963 (obsolete since the 1960 census)","Missouri","11",25,342,"/state-25","/state-25/district-11","/state-25/district-11"
"343"," 1873–1933, 1935–1953 (obsolete since the 1950 census)","Missouri","12",25,343,"/state-25","/state-25/district-12","/state-25/district-12"
"344"," 1873–1933, 1935–1953 (obsolete since the 1950 census)","Missouri","13",25,344,"/state-25","/state-25/district-13","/state-25/district-13"
"345"," 1883–1933 (obsolete since the 1930 census)","Missouri","14",25,345,"/state-25","/state-25/district-14","/state-25/district-14"
"346"," 1893–1933 (obsolete since the 1930 census)","Missouri","15",25,346,"/state-25","/state-25/district-15","/state-25/district-15"
"347"," 1903–1933 (obsolete since the 1930 census)","Missouri","16",25,347,"/state-25","/state-25/district-16","/state-25/district-16"
"348"," 1865–1889 (obsolete since statehood)","Montana","Territory",26,348,"/state-26","/state-26/district-Territory","/state-26/district-Territory"
"349"," 1889–1919, 1993–present","Montana","At-large",26,349,"/state-26","/state-26/district-At-large","/state-26/district-At-large"
"350"," 1919–1993 (obsolete since the 1990 census)","Montana","1",26,350,"/state-26","/state-26/district-1","/state-26/district-1"
"351"," 1919–1993 (obsolete since the 1990 census)","Montana","2",26,351,"/state-26","/state-26/district-2","/state-26/district-2"
"352"," 1855–1867 (obsolete since statehood)","Nebraska","Territory",27,352,"/state-27","/state-27/district-Territory","/state-27/district-Territory"
"353"," 1867–1883 (obsolete)","Nebraska","At-large",27,353,"/state-27","/state-27/district-At-large","/state-27/district-At-large"
"354"," 1883–present","Nebraska","1",27,354,"/state-27","/state-27/district-1","/state-27/district-1"
"355"," 1883–present","Nebraska","2",27,355,"/state-27","/state-27/district-2","/state-27/district-2"
"356"," 1883–present","Nebraska","3",27,356,"/state-27","/state-27/district-3","/state-27/district-3"
"357"," 1893–1963 (obsolete since the 1960 census)","Nebraska","4",27,357,"/state-27","/state-27/district-4","/state-27/district-4"
"358"," 1893–1943 (obsolete since the 1940 census)","Nebraska","5",27,358,"/state-27","/state-27/district-5","/state-27/district-5"
"359"," 1893–1933 (obsolete since the 1930 census)","Nebraska","6",27,359,"/state-27","/state-27/district-6","/state-27/district-6"
"360"," 1861–1864 (obsolete since statehood)","Nevada","Territory",28,360,"/state-28","/state-28/district-Territory","/state-28/district-Territory"
"361"," 1864–1983 (obsolete)","Nevada","At-large",28,361,"/state-28","/state-28/district-At-large","/state-28/district-At-large"
"362"," 1983–present","Nevada","1",28,362,"/state-28","/state-28/district-1","/state-28/district-1"
"363"," 1983–present","Nevada","2",28,363,"/state-28","/state-28/district-2","/state-28/district-2"
"364"," 2003–present","Nevada","3",28,364,"/state-28","/state-28/district-3","/state-28/district-3"
"365"," 2013–present","Nevada","4",28,365,"/state-28","/state-28/district-4","/state-28/district-4"
"366"," 1789–1847 (obsolete)","New Hampshire","At-large",29,366,"/state-29","/state-29/district-At-large","/state-29/district-At-large"
"367"," 1847–present","New Hampshire","1",29,367,"/state-29","/state-29/district-1","/state-29/district-1"
"368"," 1847–present","New Hampshire","2",29,368,"/state-29","/state-29/district-2","/state-29/district-2"
"369"," 1847–1883 (obsolete since the 1880 census)","New Hampshire","3",29,369,"/state-29","/state-29/district-3","/state-29/district-3"
"370"," 1847–1853 (obsolete since the 1850 census)","New Hampshire","4",29,370,"/state-29","/state-29/district-4","/state-29/district-4"
"371"," 1789–1799, 1801–1813, 1815–1843 (obsolete)","New Jersey","At-large",30,371,"/state-30","/state-30/district-At-large","/state-30/district-At-large"
"372"," 1799–1801, 1813–1815, 1843–present","New Jersey","1",30,372,"/state-30","/state-30/district-1","/state-30/district-1"
"373"," 1799–1801, 1813–1815, 1843–present","New Jersey","2",30,373,"/state-30","/state-30/district-2","/state-30/district-2"
"374"," 1799–1801, 1813–1815, 1843–present","New Jersey","3",30,374,"/state-30","/state-30/district-3","/state-30/district-3"
"375"," 1799–1801, 1843–present","New Jersey","4",30,375,"/state-30","/state-30/district-4","/state-30/district-4"
"376"," 1799–1801, 1843–present","New Jersey","5",30,376,"/state-30","/state-30/district-5","/state-30/district-5"
"377"," 1873–present","New Jersey","6",30,377,"/state-30","/state-30/district-6","/state-30/district-6"
"378"," 1873–present","New Jersey","7",30,378,"/state-30","/state-30/district-7","/state-30/district-7"
"379"," 1893–present","New Jersey","8",30,379,"/state-30","/state-30/district-8","/state-30/district-8"
"380"," 1903–present","New Jersey","9",30,380,"/state-30","/state-30/district-9","/state-30/district-9"
"381"," 1903–present","New Jersey","10",30,381,"/state-30","/state-30/district-10","/state-30/district-10"
"382"," 1913–present","New Jersey","11",30,382,"/state-30","/state-30/district-11","/state-30/district-11"
"383"," 1913–present","New Jersey","12",30,383,"/state-30","/state-30/district-12","/state-30/district-12"
"384"," 1933–2013 (obsolete since the 2010 census)","New Jersey","13",30,384,"/state-30","/state-30/district-13","/state-30/district-13"
"385"," 1933–1993 (obsolete since the 1990 census)","New Jersey","14",30,385,"/state-30","/state-30/district-14","/state-30/district-14"
"386"," 1963–1983 (obsolete since the 1980 census)","New Jersey","15",30,386,"/state-30","/state-30/district-15","/state-30/district-15"
"387"," 1851–1912 (obsolete since statehood)","New Mexico","Territory",31,387,"/state-31","/state-31/district-Territory","/state-31/district-Territory"
"388"," 1912–1969 (obsolete)","New Mexico","At-large",31,388,"/state-31","/state-31/district-At-large","/state-31/district-At-large"
"389"," 1969–present","New Mexico","1",31,389,"/state-31","/state-31/district-1","/state-31/district-1"
"390"," 1969–present","New Mexico","2",31,390,"/state-31","/state-31/district-2","/state-31/district-2"
"391"," 1983–present","New Mexico","3",31,391,"/state-31","/state-31/district-3","/state-31/district-3"
"392"," 1873–1875, 1883–1885, 1933–1945 (obsolete)","New York","At-large",32,392,"/state-32","/state-32/district-At-large","/state-32/district-At-large"
"393"," 1789–present","New York","1",32,393,"/state-32","/state-32/district-1","/state-32/district-1"
"394"," 1789–present","New York","2",32,394,"/state-32","/state-32/district-2","/state-32/district-2"
"395"," 1789–present","New York","3",32,395,"/state-32","/state-32/district-3","/state-32/district-3"
"396"," 1789–present","New York","4",32,396,"/state-32","/state-32/district-4","/state-32/district-4"
"397"," 1789–present","New York","5",32,397,"/state-32","/state-32/district-5","/state-32/district-5"
"398"," 1789–present","New York","6",32,398,"/state-32","/state-32/district-6","/state-32/district-6"
"399"," 1793–present","New York","7",32,399,"/state-32","/state-32/district-7","/state-32/district-7"
"400"," 1793–present","New York","8",32,400,"/state-32","/state-32/district-8","/state-32/district-8"
"401"," 1793–present","New York","9",32,401,"/state-32","/state-32/district-9","/state-32/district-9"
"402"," 1793–present","New York","10",32,402,"/state-32","/state-32/district-10","/state-32/district-10"
"403"," 1803–present","New York","11",32,403,"/state-32","/state-32/district-11","/state-32/district-11"
"404"," 1803–present","New York","12",32,404,"/state-32","/state-32/district-12","/state-32/district-12"
"405"," 1803–present","New York","13",32,405,"/state-32","/state-32/district-13","/state-32/district-13"
"406"," 1803–present","New York","14",32,406,"/state-32","/state-32/district-14","/state-32/district-14"
"407"," 1803–present","New York","15",32,407,"/state-32","/state-32/district-15","/state-32/district-15"
"408"," 1803–1809, 1813–present","New York","16",32,408,"/state-32","/state-32/district-16","/state-32/district-16"
"409"," 1803–1809, 1813–present","New York","17",32,409,"/state-32","/state-32/district-17","/state-32/district-17"
"410"," 1813–present","New York","18",32,410,"/state-32","/state-32/district-18","/state-32/district-18"
"411"," 1813–present","New York","19",32,411,"/state-32","/state-32/district-19","/state-32/district-19"
"412"," 1813–present","New York","20",32,412,"/state-32","/state-32/district-20","/state-32/district-20"
"413"," 1813–present","New York","21",32,413,"/state-32","/state-32/district-21","/state-32/district-21"
"414"," 1821–present","New York","22",32,414,"/state-32","/state-32/district-22","/state-32/district-22"
"415"," 1823–present","New York","23",32,415,"/state-32","/state-32/district-23","/state-32/district-23"
"416"," 1823–present","New York","24",32,416,"/state-32","/state-32/district-24","/state-32/district-24"
"417"," 1823–present","New York","25",32,417,"/state-32","/state-32/district-25","/state-32/district-25"
"418"," 1823–present","New York","26",32,418,"/state-32","/state-32/district-26","/state-32/district-26"
"419"," 1823–present","New York","27",32,419,"/state-32","/state-32/district-27","/state-32/district-27"
"420"," 1823–2013 (obsolete since the 2010 census)","New York","28",32,420,"/state-32","/state-32/district-28","/state-32/district-28"
"421"," 1823–2013 (obsolete since the 2010 census)","New York","29",32,421,"/state-32","/state-32/district-29","/state-32/district-29"
"422"," 1823–2003 (obsolete since the 2000 census)","New York","30",32,422,"/state-32","/state-32/district-30","/state-32/district-30"
"423"," 1833–2003 (obsolete since the 2000 census)","New York","31",32,423,"/state-32","/state-32/district-31","/state-32/district-31"
"424"," 1833–1863, 1873–1993 (obsolete since the 1990 census)","New York","32",32,424,"/state-32","/state-32/district-32","/state-32/district-32"
"425"," 1833–1863, 1875–1993 (obsolete since the 1990 census)","New York","33",32,425,"/state-32","/state-32/district-33","/state-32/district-33"
"426"," 1843–1853, 1885–1993 (obsolete since the 1990 census)","New York","34",32,426,"/state-32","/state-32/district-34","/state-32/district-34"
"427"," 1903–1983 (obsolete since the 1980 census)","New York","35",32,427,"/state-32","/state-32/district-35","/state-32/district-35"
"428"," 1903–1983 (obsolete since the 1980 census)","New York","36",32,428,"/state-32","/state-32/district-36","/state-32/district-36"
"429"," 1903–1983 (obsolete since the 1980 census)","New York","37",32,429,"/state-32","/state-32/district-37","/state-32/district-37"
"430"," 1913–1983 (obsolete since the 1980 census)","New York","38",32,430,"/state-32","/state-32/district-38","/state-32/district-38"
"431"," 1913–1983 (obsolete since the 1980 census)","New York","39",32,431,"/state-32","/state-32/district-39","/state-32/district-39"
"432"," 1913–1973 (obsolete since the 1970 census)","New York","40",32,432,"/state-32","/state-32/district-40","/state-32/district-40"
"433"," 1913–1973 (obsolete since the 1970 census)","New York","41",32,433,"/state-32","/state-32/district-41","/state-32/district-41"
"434"," 1913–1963 (obsolete since the 1960 census)","New York","42",32,434,"/state-32","/state-32/district-42","/state-32/district-42"
"435"," 1913–1963 (obsolete since the 1960 census)","New York","43",32,435,"/state-32","/state-32/district-43","/state-32/district-43"
"436"," 1945–1953 (obsolete since the 1950 census)","New York","44",32,436,"/state-32","/state-32/district-44","/state-32/district-44"
"437"," 1945–1953 (obsolete since the 1950 census)","New York","45",32,437,"/state-32","/state-32/district-45","/state-32/district-45"
"438"," 1883–1885 (obsolete)","North Carolina","At-large",33,438,"/state-33","/state-33/district-At-large","/state-33/district-At-large"
"439"," 1789–present","North Carolina","1",33,439,"/state-33","/state-33/district-1","/state-33/district-1"
"440"," 1789–present","North Carolina","2",33,440,"/state-33","/state-33/district-2","/state-33/district-2"
"441"," 1789–present","North Carolina","3",33,441,"/state-33","/state-33/district-3","/state-33/district-3"
"442"," 1789–present","North Carolina","4",33,442,"/state-33","/state-33/district-4","/state-33/district-4"
"443"," 1789–present","North Carolina","5",33,443,"/state-33","/state-33/district-5","/state-33/district-5"
"444"," 1793–present","North Carolina","6",33,444,"/state-33","/state-33/district-6","/state-33/district-6"
"445"," 1793–present","North Carolina","7",33,445,"/state-33","/state-33/district-7","/state-33/district-7"
"446"," 1793–1863, 1873–present","North Carolina","8",33,446,"/state-33","/state-33/district-8","/state-33/district-8"
"447"," 1793–1853, 1885–present","North Carolina","9",33,447,"/state-33","/state-33/district-9","/state-33/district-9"
"448"," 1793–1843, 1903–present","North Carolina","10",33,448,"/state-33","/state-33/district-10","/state-33/district-10"
"449"," 1803–1843, 1933–present","North Carolina","11",33,449,"/state-33","/state-33/district-11","/state-33/district-11"
"450"," 1803–1843, 1943–1963, 1993–present","North Carolina","12",33,450,"/state-33","/state-33/district-12","/state-33/district-12"
"451"," 1813–1843, 2003–present","North Carolina","13",33,451,"/state-33","/state-33/district-13","/state-33/district-13"
"452"," 1861–1889 (obsolete since statehood)","North Dakota","Dakota Territory",34,452,"/state-34","/state-34/district-Dakota Territory","/state-34/district-Dakota Territory"
"453"," 1889–1913, 1933–1963, 1973–present","North Dakota","At-large",34,453,"/state-34","/state-34/district-At-large","/state-34/district-At-large"
"454"," 1913–1933, 1963–1973 (obsolete since the 1970 census)","North Dakota","1",34,454,"/state-34","/state-34/district-1","/state-34/district-1"
"455"," 1913–1933, 1963–1973 (obsolete since the 1970 census)","North Dakota","2",34,455,"/state-34","/state-34/district-2","/state-34/district-2"
"456"," 1913–1933 (obsolete since the 1930 census)","North Dakota","3",34,456,"/state-34","/state-34/district-3","/state-34/district-3"
"457"," 1799–1803 (obsolete since statehood)","Ohio","Northwest Territory",35,457,"/state-35","/state-35/district-Northwest Territory","/state-35/district-Northwest Territory"
"458"," 1803–1813, 1913–1915, 1933–1953, 1963–1967 (obsolete)","Ohio","At-large",35,458,"/state-35","/state-35/district-At-large","/state-35/district-At-large"
"459"," 1813–present","Ohio","1",35,459,"/state-35","/state-35/district-1","/state-35/district-1"
"460"," 1813–present","Ohio","2",35,460,"/state-35","/state-35/district-2","/state-35/district-2"
"461"," 1813–present","Ohio","3",35,461,"/state-35","/state-35/district-3","/state-35/district-3"
"462"," 1813–present","Ohio","4",35,462,"/state-35","/state-35/district-4","/state-35/district-4"
"463"," 1813–present","Ohio","5",35,463,"/state-35","/state-35/district-5","/state-35/district-5"
"464"," 1813–present","Ohio","6",35,464,"/state-35","/state-35/district-6","/state-35/district-6"
"465"," 1823–present","Ohio","7",35,465,"/state-35","/state-35/district-7","/state-35/district-7"
"466"," 1823–present","Ohio","8",35,466,"/state-35","/state-35/district-8","/state-35/district-8"
"467"," 1823–present","Ohio","9",35,467,"/state-35","/state-35/district-9","/state-35/district-9"
"468"," 1823–present","Ohio","10",35,468,"/state-35","/state-35/district-10","/state-35/district-10"
"469"," 1823–present","Ohio","11",35,469,"/state-35","/state-35/district-11","/state-35/district-11"
"470"," 1823–present","Ohio","12",35,470,"/state-35","/state-35/district-12","/state-35/district-12"
"471"," 1823–present","Ohio","13",35,471,"/state-35","/state-35/district-13","/state-35/district-13"
"472"," 1823–present","Ohio","14",35,472,"/state-35","/state-35/district-14","/state-35/district-14"
"473"," 1833–present","Ohio","15",35,473,"/state-35","/state-35/district-15","/state-35/district-15"
"474"," 1833–present","Ohio","16",35,474,"/state-35","/state-35/district-16","/state-35/district-16"
"475"," 1833–2013 (obsolete since the 2010 census)","Ohio","17",35,475,"/state-35","/state-35/district-17","/state-35/district-17"
"476"," 1833–2013 (obsolete since the 2010 census)","Ohio","18",35,476,"/state-35","/state-35/district-18","/state-35/district-18"
"477"," 1833–2003 (obsolete since the 2000 census)","Ohio","19",35,477,"/state-35","/state-35/district-19","/state-35/district-19"
"478"," 1843–1863, 1873–1993 (obsolete since the 1990 census)","Ohio","20",35,478,"/state-35","/state-35/district-20","/state-35/district-20"
"479"," 1843–1863, 1883–1993 (obsolete since the 1990 census)","Ohio","21",35,479,"/state-35","/state-35/district-21","/state-35/district-21"
"480"," 1915–1983 (obsolete since the 1980 census)","Ohio","22",35,480,"/state-35","/state-35/district-22","/state-35/district-22"
"481"," 1953–1983 (obsolete since the 1980 census)","Ohio","23",35,481,"/state-35","/state-35/district-23","/state-35/district-23"
"482"," 1967–1973 (obsolete since the 1970 census)","Ohio","24",35,482,"/state-35","/state-35/district-24","/state-35/district-24"
"483"," 1890–1907 (obsolete since statehood)","Oklahoma","Territory",36,483,"/state-36","/state-36/district-Territory","/state-36/district-Territory"
"484"," 1913–1915, 1933–1943 (obsolete)","Oklahoma","At-large",36,484,"/state-36","/state-36/district-At-large","/state-36/district-At-large"
"485"," 1907–present","Oklahoma","1",36,485,"/state-36","/state-36/district-1","/state-36/district-1"
"486"," 1907–present","Oklahoma","2",36,486,"/state-36","/state-36/district-2","/state-36/district-2"
"487"," 1907–present","Oklahoma","3",36,487,"/state-36","/state-36/district-3","/state-36/district-3"
"488"," 1907–present","Oklahoma","4",36,488,"/state-36","/state-36/district-4","/state-36/district-4"
"489"," 1907–present","Oklahoma","5",36,489,"/state-36","/state-36/district-5","/state-36/district-5"
"490"," 1915–2003 (obsolete since the 2000 census)","Oklahoma","6",36,490,"/state-36","/state-36/district-6","/state-36/district-6"
"491"," 1915–1953 (obsolete since the 1950 census)","Oklahoma","7",36,491,"/state-36","/state-36/district-7","/state-36/district-7"
"492"," 1915–1953 (obsolete since the 1950 census)","Oklahoma","8",36,492,"/state-36","/state-36/district-8","/state-36/district-8"
"493"," 1849–1859 (obsolete since statehood)","Oregon","Territory",37,493,"/state-37","/state-37/district-Territory","/state-37/district-Territory"
"494"," 1859–1893 (obsolete)","Oregon","At-large",37,494,"/state-37","/state-37/district-At-large","/state-37/district-At-large"
"495"," 1893–present","Oregon","1",37,495,"/state-37","/state-37/district-1","/state-37/district-1"
"496"," 1893–present","Oregon","2",37,496,"/state-37","/state-37/district-2","/state-37/district-2"
"497"," 1913–present","Oregon","3",37,497,"/state-37","/state-37/district-3","/state-37/district-3"
"498"," 1943–present","Oregon","4",37,498,"/state-37","/state-37/district-4","/state-37/district-4"
"499"," 1983–present","Oregon","5",37,499,"/state-37","/state-37/district-5","/state-37/district-5"
"500"," 1789–1791, 1793–1795, 1873–1875, 1883–1889, 1893–1903, 1913–1923, 1943–1945 (obsolete)","Pennsylvania","At-large",38,500,"/state-38","/state-38/district-At-large","/state-38/district-At-large"
"501"," 1791–1793, 1795–present","Pennsylvania","1",38,501,"/state-38","/state-38/district-1","/state-38/district-1"
"502"," 1791–1793, 1795–present","Pennsylvania","2",38,502,"/state-38","/state-38/district-2","/state-38/district-2"
"503"," 1791–1793, 1795–present","Pennsylvania","3",38,503,"/state-38","/state-38/district-3","/state-38/district-3"
"504"," 1791–1793, 1795–present","Pennsylvania","4",38,504,"/state-38","/state-38/district-4","/state-38/district-4"
"505"," 1791–1793, 1795–present","Pennsylvania","5",38,505,"/state-38","/state-38/district-5","/state-38/district-5"
"506"," 1791–1793, 1795–present","Pennsylvania","6",38,506,"/state-38","/state-38/district-6","/state-38/district-6"
"507"," 1791–1793, 1795–present","Pennsylvania","7",38,507,"/state-38","/state-38/district-7","/state-38/district-7"
"508"," 1791–1793, 1795–present","Pennsylvania","8",38,508,"/state-38","/state-38/district-8","/state-38/district-8"
"509"," 1795–present","Pennsylvania","9",38,509,"/state-38","/state-38/district-9","/state-38/district-9"
"510"," 1795–present","Pennsylvania","10",38,510,"/state-38","/state-38/district-10","/state-38/district-10"
"511"," 1795–present","Pennsylvania","11",38,511,"/state-38","/state-38/district-11","/state-38/district-11"
"512"," 1795–1803, 1813–present","Pennsylvania","12",38,512,"/state-38","/state-38/district-12","/state-38/district-12"
"513"," 1813–present","Pennsylvania","13",38,513,"/state-38","/state-38/district-13","/state-38/district-13"
"514"," 1813–present","Pennsylvania","14",38,514,"/state-38","/state-38/district-14","/state-38/district-14"
"515"," 1813–present","Pennsylvania","15",38,515,"/state-38","/state-38/district-15","/state-38/district-15"
"516"," 1823–present","Pennsylvania","16",38,516,"/state-38","/state-38/district-16","/state-38/district-16"
"517"," 1823–present","Pennsylvania","17",38,517,"/state-38","/state-38/district-17","/state-38/district-17"
"518"," 1823–present","Pennsylvania","18",38,518,"/state-38","/state-38/district-18","/state-38/district-18"
"519"," 1833–2013 (obsolete since the 2010 census)","Pennsylvania","19",38,519,"/state-38","/state-38/district-19","/state-38/district-19"
"520"," 1833–2003 (obsolete since the 2000 census)","Pennsylvania","20",38,520,"/state-38","/state-38/district-20","/state-38/district-20"
"521"," 1833–2003 (obsolete since the 2000 census)","Pennsylvania","21",38,521,"/state-38","/state-38/district-21","/state-38/district-21"
"522"," 1833–1993 (obsolete since the 1990 census)","Pennsylvania","22",38,522,"/state-38","/state-38/district-22","/state-38/district-22"
"523"," 1833–1993 (obsolete since the 1990 census)","Pennsylvania","23",38,523,"/state-38","/state-38/district-23","/state-38/district-23"
"524"," 1833–1983 (obsolete since the 1980 census)","Pennsylvania","24",38,524,"/state-38","/state-38/district-24","/state-38/district-24"
"525"," 1833–1843, 1853–1863, 1875–1983 (obsolete since the 1980 census)","Pennsylvania","25",38,525,"/state-38","/state-38/district-25","/state-38/district-25"
"526"," 1875–1973 (obsolete since the 1970 census)","Pennsylvania","26",38,526,"/state-38","/state-38/district-26","/state-38/district-26"
"527"," 1875–1973 (obsolete since the 1970 census)","Pennsylvania","27",38,527,"/state-38","/state-38/district-27","/state-38/district-27"
"528"," 1889–1963 (obsolete since the 1960 census)","Pennsylvania","28",38,528,"/state-38","/state-38/district-28","/state-38/district-28"
"529"," 1903–1963 (obsolete since the 1960 census)","Pennsylvania","29",38,529,"/state-38","/state-38/district-29","/state-38/district-29"
"530"," 1903–1963 (obsolete since the 1960 census)","Pennsylvania","30",38,530,"/state-38","/state-38/district-30","/state-38/district-30"
"531"," 1903–1953 (obsolete since the 1950 census)","Pennsylvania","31",38,531,"/state-38","/state-38/district-31","/state-38/district-31"
"532"," 1903–1953 (obsolete since the 1950 census)","Pennsylvania","32",38,532,"/state-38","/state-38/district-32","/state-38/district-32"
"533"," 1923–1953 (obsolete since the 1950 census)","Pennsylvania","33",38,533,"/state-38","/state-38/district-33","/state-38/district-33"
"534"," 1923–1943 (obsolete since the 1940 census)","Pennsylvania","34",38,534,"/state-38","/state-38/district-34","/state-38/district-34"
"535"," 1923–1933 (obsolete since the 1930 census)","Pennsylvania","35",38,535,"/state-38","/state-38/district-35","/state-38/district-35"
"536"," 1923–1933 (obsolete since the 1930 census)","Pennsylvania","36",38,536,"/state-38","/state-38/district-36","/state-38/district-36"
"537"," 1790–1843 (obsolete)","Rhode Island","At-large",39,537,"/state-39","/state-39/district-At-large","/state-39/district-At-large"
"538"," 1843–present","Rhode Island","1",39,538,"/state-39","/state-39/district-1","/state-39/district-1"
"539"," 1843–present","Rhode Island","2",39,539,"/state-39","/state-39/district-2","/state-39/district-2"
"540"," 1913–1933 (obsolete since the 1930 census)","Rhode Island","3",39,540,"/state-39","/state-39/district-3","/state-39/district-3"
"541"," 1873–1875 (obsolete)","South Carolina","At-large",40,541,"/state-40","/state-40/district-At-large","/state-40/district-At-large"
"542"," 1789–present","South Carolina","1",40,542,"/state-40","/state-40/district-1","/state-40/district-1"
"543"," 1789–present","South Carolina","2",40,543,"/state-40","/state-40/district-2","/state-40/district-2"
"544"," 1789–present","South Carolina","3",40,544,"/state-40","/state-40/district-3","/state-40/district-3"
"545"," 1789–present","South Carolina","4",40,545,"/state-40","/state-40/district-4","/state-40/district-4"
"546"," 1789–1863, 1875–present","South Carolina","5",40,546,"/state-40","/state-40/district-5","/state-40/district-5"
"547"," 1793–1863, 1883–present","South Carolina","6",40,547,"/state-40","/state-40/district-6","/state-40/district-6"
"548"," 1803–1853, 1883–1933, 2013–present","South Carolina","7",40,548,"/state-40","/state-40/district-7","/state-40/district-7"
"549"," 1803–1843 (obsolete since the 1840 census)","South Carolina","8",40,549,"/state-40","/state-40/district-8","/state-40/district-8"
"550"," 1813–1843 (obsolete since the 1840 census)","South Carolina","9",40,550,"/state-40","/state-40/district-9","/state-40/district-9"
"551"," 1861–1889 (obsolete since statehood)","South Dakota","Dakota Territory",41,551,"/state-41","/state-41/district-Dakota Territory","/state-41/district-Dakota Territory"
"552"," 1889–1913, 1983–present","South Dakota","At-large",41,552,"/state-41","/state-41/district-At-large","/state-41/district-At-large"
"553"," 1913–1983 (obsolete since the 1980 census)","South Dakota","1",41,553,"/state-41","/state-41/district-1","/state-41/district-1"
"554"," 1913–1983 (obsolete since the 1980 census)","South Dakota","2",41,554,"/state-41","/state-41/district-2","/state-41/district-2"
"555"," 1913–1933 (obsolete since the 1930 census)","South Dakota","3",41,555,"/state-41","/state-41/district-3","/state-41/district-3"
"556"," 1794–1796 (obsolete since statehood)","Tennessee","Southwest Territory",42,556,"/state-42","/state-42/district-Southwest Territory","/state-42/district-Southwest Territory"
"557"," 1796–1805, 1873–1875 (obsolete)","Tennessee","At-large",42,557,"/state-42","/state-42/district-At-large","/state-42/district-At-large"
"558"," 1805–present","Tennessee","1",42,558,"/state-42","/state-42/district-1","/state-42/district-1"
"559"," 1805–present","Tennessee","2",42,559,"/state-42","/state-42/district-2","/state-42/district-2"
"560"," 1805–present","Tennessee","3",42,560,"/state-42","/state-42/district-3","/state-42/district-3"
"561"," 1813–present","Tennessee","4",42,561,"/state-42","/state-42/district-4","/state-42/district-4"
"562"," 1813–present","Tennessee","5",42,562,"/state-42","/state-42/district-5","/state-42/district-5"
"563"," 1813–present","Tennessee","6",42,563,"/state-42","/state-42/district-6","/state-42/district-6"
"564"," 1823–present","Tennessee","7",42,564,"/state-42","/state-42/district-7","/state-42/district-7"
"565"," 1823–present","Tennessee","8",42,565,"/state-42","/state-42/district-8","/state-42/district-8"
"566"," 1823–1863, 1873–1973, 1983–present","Tennessee","9",42,566,"/state-42","/state-42/district-9","/state-42/district-9"
"567"," 1833–1863, 1875–1933, 1943–1953 (obsolete since the 1950 census)","Tennessee","10",42,567,"/state-42","/state-42/district-10","/state-42/district-10"
"568"," 1833–1853 (obsolete since the 1850 census)","Tennessee","11",42,568,"/state-42","/state-42/district-11","/state-42/district-11"
"569"," 1833–1843 (obsolete since the 1840 census)","Tennessee","12",42,569,"/state-42","/state-42/district-12","/state-42/district-12"
"570"," 1833–1843 (obsolete since the 1840 census)","Tennessee","13",42,570,"/state-42","/state-42/district-13","/state-42/district-13"
"571"," 1873–1875, 1913–1919, 1933–1935, 1953–1959, 1963–1967 (obsolete)","Texas","At-large",43,571,"/state-43","/state-43/district-At-large","/state-43/district-At-large"
"572"," 1845–present","Texas","1",43,572,"/state-43","/state-43/district-1","/state-43/district-1"
"573"," 1845–present","Texas","2",43,573,"/state-43","/state-43/district-2","/state-43/district-2"
"574"," 1863–present","Texas","3",43,574,"/state-43","/state-43/district-3","/state-43/district-3"
"575"," 1863–present","Texas","4",43,575,"/state-43","/state-43/district-4","/state-43/district-4"
"576"," 1875–present","Texas","5",43,576,"/state-43","/state-43/district-5","/state-43/district-5"
"577"," 1875–present","Texas","6",43,577,"/state-43","/state-43/district-6","/state-43/district-6"
"578"," 1883–present","Texas","7",43,578,"/state-43","/state-43/district-7","/state-43/district-7"
"579"," 1883–present","Texas","8",43,579,"/state-43","/state-43/district-8","/state-43/district-8"
"580"," 1883–present","Texas","9",43,580,"/state-43","/state-43/district-9","/state-43/district-9"
"581"," 1883–present","Texas","10",43,581,"/state-43","/state-43/district-10","/state-43/district-10"
"582"," 1883–present","Texas","11",43,582,"/state-43","/state-43/district-11","/state-43/district-11"
"583"," 1893–present","Texas","12",43,583,"/state-43","/state-43/district-12","/state-43/district-12"
"584"," 1893–present","Texas","13",43,584,"/state-43","/state-43/district-13","/state-43/district-13"
"585"," 1903–present","Texas","14",43,585,"/state-43","/state-43/district-14","/state-43/district-14"
"586"," 1903–present","Texas","15",43,586,"/state-43","/state-43/district-15","/state-43/district-15"
"587"," 1903–present","Texas","16",43,587,"/state-43","/state-43/district-16","/state-43/district-16"
"588"," 1919–present","Texas","17",43,588,"/state-43","/state-43/district-17","/state-43/district-17"
"589"," 1919–present","Texas","18",43,589,"/state-43","/state-43/district-18","/state-43/district-18"
"590"," 1935–present","Texas","19",43,590,"/state-43","/state-43/district-19","/state-43/district-19"
"591"," 1935–present","Texas","20",43,591,"/state-43","/state-43/district-20","/state-43/district-20"
"592"," 1935–present","Texas","21",43,592,"/state-43","/state-43/district-21","/state-43/district-21"
"593"," 1959–present","Texas","22",43,593,"/state-43","/state-43/district-22","/state-43/district-22"
"594"," 1967–present","Texas","23",43,594,"/state-43","/state-43/district-23","/state-43/district-23"
"595"," 1973–present","Texas","24",43,595,"/state-43","/state-43/district-24","/state-43/district-24"
"596"," 1983–present","Texas","25",43,596,"/state-43","/state-43/district-25","/state-43/district-25"
"597"," 1983–present","Texas","26",43,597,"/state-43","/state-43/district-26","/state-43/district-26"
"598"," 1983–present","Texas","27",43,598,"/state-43","/state-43/district-27","/state-43/district-27"
"599"," 1993–present","Texas","28",43,599,"/state-43","/state-43/district-28","/state-43/district-28"
"600"," 1993–present","Texas","29",43,600,"/state-43","/state-43/district-29","/state-43/district-29"
"601"," 1993–present","Texas","30",43,601,"/state-43","/state-43/district-30","/state-43/district-30"
"602"," 2003–present","Texas","31",43,602,"/state-43","/state-43/district-31","/state-43/district-31"
"603"," 2003–present","Texas","32",43,603,"/state-43","/state-43/district-32","/state-43/district-32"
"604"," 2013–present","Texas","33",43,604,"/state-43","/state-43/district-33","/state-43/district-33"
"605"," 2013–present","Texas","34",43,605,"/state-43","/state-43/district-34","/state-43/district-34"
"606"," 2013–present","Texas","35",43,606,"/state-43","/state-43/district-35","/state-43/district-35"
"607"," 2013–present","Texas","36",43,607,"/state-43","/state-43/district-36","/state-43/district-36"
"608"," (obsolete since statehood)","Utah","Territory",44,608,"/state-44","/state-44/district-Territory","/state-44/district-Territory"
"609"," 1896–1913 (obsolete)","Utah","At-large",44,609,"/state-44","/state-44/district-At-large","/state-44/district-At-large"
"610"," 1913–present","Utah","1",44,610,"/state-44","/state-44/district-1","/state-44/district-1"
"611"," 1913–present","Utah","2",44,611,"/state-44","/state-44/district-2","/state-44/district-2"
"612"," 1983–present","Utah","3",44,612,"/state-44","/state-44/district-3","/state-44/district-3"
"613"," 2013–present","Utah","4",44,613,"/state-44","/state-44/district-4","/state-44/district-4"
"614"," 1813–1821, 1823–1825, 1933–present","Vermont","At-large",45,614,"/state-45","/state-45/district-At-large","/state-45/district-At-large"
"615"," 1791–1813, 1821–1823, 1825–1933 (obsolete since the 1930 census)","Vermont","1",45,615,"/state-45","/state-45/district-1","/state-45/district-1"
"616"," 1791–1813, 1821–1823, 1825–1933 (obsolete since the 1930 census)","Vermont","2",45,616,"/state-45","/state-45/district-2","/state-45/district-2"
"617"," 1803–1813, 1821–1823, 1825–1883 (obsolete since the 1880 census)","Vermont","3",45,617,"/state-45","/state-45/district-3","/state-45/district-3"
"618"," 1803–1813, 1821–1823, 1825–1853 (obsolete since the 1850 census)","Vermont","4",45,618,"/state-45","/state-45/district-4","/state-45/district-4"
"619"," 1821–1823, 1825–1843 (obsolete since the 1840 census)","Vermont","5",45,619,"/state-45","/state-45/district-5","/state-45/district-5"
"620"," 1821–1823 (obsolete since the 1820 census)","Vermont","6",45,620,"/state-45","/state-45/district-6","/state-45/district-6"
"621"," 1883–1885, 1933–1935 (obsolete)","Virginia","At-large",46,621,"/state-46","/state-46/district-At-large","/state-46/district-At-large"
"622"," 1789–1933, 1935–present","Virginia","1",46,622,"/state-46","/state-46/district-1","/state-46/district-1"
"623"," 1789–1933, 1935–present","Virginia","2",46,623,"/state-46","/state-46/district-2","/state-46/district-2"
"624"," 1789–1933, 1935–present","Virginia","3",46,624,"/state-46","/state-46/district-3","/state-46/district-3"
"625"," 1789–1933, 1935–present","Virginia","4",46,625,"/state-46","/state-46/district-4","/state-46/district-4"
"626"," 1789–1933, 1935–present","Virginia","5",46,626,"/state-46","/state-46/district-5","/state-46/district-5"
"627"," 1789–1933, 1935–present","Virginia","6",46,627,"/state-46","/state-46/district-6","/state-46/district-6"
"628"," 1789–1933, 1935–present","Virginia","7",46,628,"/state-46","/state-46/district-7","/state-46/district-7"
"629"," 1789–1933, 1935–present","Virginia","8",46,629,"/state-46","/state-46/district-8","/state-46/district-8"
"630"," 1789–1863, 1873–1933, 1935–present","Virginia","9",46,630,"/state-46","/state-46/district-9","/state-46/district-9"
"631"," 1789–1863, 1885–1933, 1953–present","Virginia","10",46,631,"/state-46","/state-46/district-10","/state-46/district-10"
"632"," 1793–1863, 1993–present","Virginia","11",46,632,"/state-46","/state-46/district-11","/state-46/district-11"
"633"," 1793–1863 (obsolete since the 1863 move to West Virginia)","Virginia","12",46,633,"/state-46","/state-46/district-12","/state-46/district-12"
"634"," 1793–1863 (obsolete since the 1863 move to West Virginia)","Virginia","13",46,634,"/state-46","/state-46/district-13","/state-46/district-13"
"635"," 1793–1853 (obsolete since the 1850 census)","Virginia","14",46,635,"/state-46","/state-46/district-14","/state-46/district-14"
"636"," 1793–1853 (obsolete since the 1850 census)","Virginia","15",46,636,"/state-46","/state-46/district-15","/state-46/district-15"
"637"," 1793–1843 (obsolete since the 1840 census)","Virginia","16",46,637,"/state-46","/state-46/district-16","/state-46/district-16"
"638"," 1793–1843 (obsolete since the 1840 census)","Virginia","17",46,638,"/state-46","/state-46/district-17","/state-46/district-17"
"639"," 1793–1843 (obsolete since the 1840 census)","Virginia","18",46,639,"/state-46","/state-46/district-18","/state-46/district-18"
"640"," 1793–1843 (obsolete since the 1840 census)","Virginia","19",46,640,"/state-46","/state-46/district-19","/state-46/district-19"
"641"," 1803–1843 (obsolete since the 1840 census)","Virginia","20",46,641,"/state-46","/state-46/district-20","/state-46/district-20"
"642"," 1803–1843 (obsolete since the 1840 census)","Virginia","21",46,642,"/state-46","/state-46/district-21","/state-46/district-21"
"643"," 1803–1833 (obsolete since the 1830 census)","Virginia","22",46,643,"/state-46","/state-46/district-22","/state-46/district-22"
"644"," 1813–1823 (obsolete since the 1820 census)","Virginia","23",46,644,"/state-46","/state-46/district-23","/state-46/district-23"
"645"," 1854–1889 (obsolete since statehood)","Washington","Territory",47,645,"/state-47","/state-47/district-Territory","/state-47/district-Territory"
"646"," 1889–1909, 1913–1915, 1953–1959 (obsolete)","Washington","At-large",47,646,"/state-47","/state-47/district-At-large","/state-47/district-At-large"
"647"," 1909–present","Washington","1",47,647,"/state-47","/state-47/district-1","/state-47/district-1"
"648"," 1909–present","Washington","2",47,648,"/state-47","/state-47/district-2","/state-47/district-2"
"649"," 1909–present","Washington","3",47,649,"/state-47","/state-47/district-3","/state-47/district-3"
"650"," 1915–present","Washington","4",47,650,"/state-47","/state-47/district-4","/state-47/district-4"
"651"," 1915–present","Washington","5",47,651,"/state-47","/state-47/district-5","/state-47/district-5"
"652"," 1933–present","Washington","6",47,652,"/state-47","/state-47/district-6","/state-47/district-6"
"653"," 1959–present","Washington","7",47,653,"/state-47","/state-47/district-7","/state-47/district-7"
"654"," 1983–present","Washington","8",47,654,"/state-47","/state-47/district-8","/state-47/district-8"
"655"," 1993–present","Washington","9",47,655,"/state-47","/state-47/district-9","/state-47/district-9"
"656"," 2013–present","Washington","10",47,656,"/state-47","/state-47/district-10","/state-47/district-10"
"657"," 1913–1917 (obsolete)","West Virginia","At-large",48,657,"/state-48","/state-48/district-At-large","/state-48/district-At-large"
"658"," 1863–present","West Virginia","1",48,658,"/state-48","/state-48/district-1","/state-48/district-1"
"659"," 1863–present","West Virginia","2",48,659,"/state-48","/state-48/district-2","/state-48/district-2"
"660"," 1863–present","West Virginia","3",48,660,"/state-48","/state-48/district-3","/state-48/district-3"
"661"," 1883–1993 (obsolete since the 1990 census)","West Virginia","4",48,661,"/state-48","/state-48/district-4","/state-48/district-4"
"662"," 1903–1973 (obsolete since the 1970 census)","West Virginia","5",48,662,"/state-48","/state-48/district-5","/state-48/district-5"
"663"," 1917–1963 (obsolete since the 1960 census)","West Virginia","6",48,663,"/state-48","/state-48/district-6","/state-48/district-6"
"664"," 1836–1848 (obsolete since statehood)","Wisconsin","Territory",49,664,"/state-49","/state-49/district-Territory","/state-49/district-Territory"
"665"," 1848–present","Wisconsin","1",49,665,"/state-49","/state-49/district-1","/state-49/district-1"
"666"," 1848–present","Wisconsin","2",49,666,"/state-49","/state-49/district-2","/state-49/district-2"
"667"," 1849–present","Wisconsin","3",49,667,"/state-49","/state-49/district-3","/state-49/district-3"
"668"," 1863–present","Wisconsin","4",49,668,"/state-49","/state-49/district-4","/state-49/district-4"
"669"," 1863–present","Wisconsin","5",49,669,"/state-49","/state-49/district-5","/state-49/district-5"
"670"," 1863–present","Wisconsin","6",49,670,"/state-49","/state-49/district-6","/state-49/district-6"
"671"," 1873–present","Wisconsin","7",49,671,"/state-49","/state-49/district-7","/state-49/district-7"
"672"," 1873–present","Wisconsin","8",49,672,"/state-49","/state-49/district-8","/state-49/district-8"
"673"," 1883–2003 (obsolete since the 2000 census)","Wisconsin","9",49,673,"/state-49","/state-49/district-9","/state-49/district-9"
"674"," 1893–1973 (obsolete since the 1970 census)","Wisconsin","10",49,674,"/state-49","/state-49/district-10","/state-49/district-10"
"675"," 1903–1933 (obsolete since the 1930 census)","Wisconsin","11",49,675,"/state-49","/state-49/district-11","/state-49/district-11"
"676"," 1869–1890 (obsolete since statehood)","Wyoming","Territory",50,676,"/state-50","/state-50/district-Territory","/state-50/district-Territory"
"677"," 1890–present","Wyoming","At-large",50,677,"/state-50","/state-50/district-At-large","/state-50/district-At-large"
